algo,example_id,true_val,result,beta,gamma,adaptive,pi,window,fraction,IS_func,accept_rate,up_rate,runtime,iterations,T,K,J,notes
mcmcis,2,7.360743312184875e-09,5.92929331080106e-09,0.1319,50.0,True,0.001,3,1,exp,0.556636,0.000362,15.47605800628662,1000000,10000,10000,50,
mcmcis,2,7.360743312184875e-09,8.132818331231621e-09,0.1263,50.0,True,0.001,3,1,exp,0.557614,0.000474,15.305597066879272,1000000,10000,10000,50,
mcmcis,2,7.360743312184875e-09,7.339869981799998e-09,0.1281999999999999,50.0,True,0.001,3,1,exp,0.556886,0.000436,15.598482847213743,1000000,10000,10000,50,
mcmcis,2,7.360743312184875e-09,1.004101400781764e-06,0.1271,50.0,True,0.001,3,1,exp,0.560033,0.000458,15.512221097946169,1000000,10000,10000,50,
mcmcis,2,7.360743312184875e-09,1.8748281295485576e-07,0.12910000000000002,50.0,True,0.001,3,1,exp,0.559688,0.000382,16.3854079246521,1000000,10000,10000,50,
mcmcis,2,7.360743312184875e-09,7.578862143877538e-09,0.12610000000000002,50.0,True,0.001,3,1,exp,0.55922,0.000452,16.22020196914673,1000000,10000,10000,50,
mcmcis,2,7.360743312184875e-09,1.1206096680104099e-05,0.1289,50.0,True,0.001,3,1,exp,0.559686,0.00039,16.772930145263672,1000000,10000,10000,50,
mcmcis,2,7.360743312184875e-09,6.740785304623466e-08,0.13030000000000003,50.0,True,0.001,3,1,exp,0.557301,0.00036,16.334080934524536,1000000,10000,10000,50,
