algo,example_id,true_val,result,beta,gamma,adaptive,IS_func,accept_rate,up_rate,runtime,iterations,T,K,J,notes
samc,0,0.0032763814358856,0.0087930344344605,101.0,10000.0,False,0,0.964,0.0,0.0282769203186035,1100,100,1000,1,
mcmcis,0,0.0032763814358856,0.6265357070264592,1.0,10000.0,False,exp,0.4463636363636363,0.949,0.0194380283355712,1100,100,1000,1,
mcmcis,0,0.0032763814358856,0.6612021856160221,1.0,,False,exp,0.4627272727272727,3.884,0.0536048412322998,2200,100,1000,2,
mcmcis,0,0.0032763814358856,0.1910477062020161,1.0,,False,exp,0.445,15.004,0.0783429145812988,4400,100,1000,4,
mcmcis,0,0.0032763814358856,0.1985074078706506,1.0,,False,exp,0.4578712871287129,15.2388,0.6045901775360107,40400,100,10000,4,
mcmcis,0,0.0032763814358856,0.2435154218220691,1.0,,False,exp,0.4572277227722772,0.9469,0.1598830223083496,10100,100,10000,1,
samc,0,0.0032763814358856536,0.0059384851315670015,10.0,100.0,False,base,0.7573,0.1087,0.1930408477783203,10100,100,10000,1,
