algo,example_id,true_val,result,beta,gamma,adaptive,IS_func,accept_rate,up_rate,runtime,iterations,T,K,J,notes
samc,0,0.0032763814358856,0.0087930344344605,101.0,10000.0,False,0,0.964,0.0,0.0282769203186035,1100,100,1000,1,
mcmcis,0,0.0032763814358856536,0.6265357070264592,1.0,10000.0,False,exp,0.44636363636363635,0.949,0.01943802833557129,1100,100,1000,1,
