algo,example_id,true_val,result,beta,gamma,adaptive,pi,fraction,IS_func,accept_rate,up_rate,runtime,iterations,T,K,J,notes
mcmcis,0,0.0032763814358856,0.0035675099514503,0.07,,False,,1,exp,0.7349504950495049,0.0652,0.1604340076446533,10100,100,10000,1,
mcmcis,0,0.0032763814358856,0.0047216491061999,0.004,,True,0.01,1,exp,0.7223762376237624,0.076,0.1705620288848877,10100,100,10000,1,
mcmcis,0,0.0032763814358856536,0.0032702383981920314,0.022689484126984134,,True,0.01,1,exp,0.8901089108910891,1.57,1.5386550426483154,101000,100,10000,10,
